Name,LastName,DisplayName,Location,MemberOfGroups,EligibleRoles,SamAccountName,Upn,PrimaryEmail,OtherEmail,ManagerUpn
Name,LastName,Name A LastName,AU,"Developer,LeadDeveloper2","Global Administrator,Directory Readers",Name.A.LastName,Name.A.LastName@z3nm3.com.au,Name.A.LastName@z3nm3.com.au,"Alias1@z3nm3.com.au,Alias1.1@z3nm3.com.au",
Name,LastName,Name B LastName,AU,"Developer,LeadDeveloper2","Global Administrator,Directory Readers",Name.B.LastName,Name.B.LastName@z3nm3.com.au,Name.B.LastName@z3nm3.com.au,"Alias2@z3nm3.com.au,Alias2.1@z3nm3.com.au",
Name,LastName,Name C LastName,TW,"Developer,LeadDeveloper2","Global Administrator,Directory Readers",Name.C.LastName,Name.C.LastName@z3nm3.com.au,Name.C.LastName@z3nm3.com.au,"Alias3@z3nm3.com.au,Alias3.1@z3nm3.com.au",
Name,LastName,Name D LastName,AU,"Developer,LeadDeveloper2","Global Administrator,Directory Readers",Name.D.LastName,Name.D.LastName@z3nm3.com.au,Name.D.LastName@z3nm3.com.au,"Alias4@z3nm3.com.au,Alias4.1@z3nm3.com.au",Name.A.LastName@z3nm3.com.au
Name,LastName,Name E LastName,AU,"Developer,LeadDeveloper2","Global Administrator,Directory Readers",Name.E.LastName,Name.E.LastName@z3nm3.com.au,Name.E.LastName@z3nm3.com.au,"Alias5@z3nm3.com.au,Alias5.1@z3nm3.com.au",Name.A.LastName@z3nm3.com.au
Name,LastName,Name F LastName,AU,"Developer,LeadDeveloper2","Global Administrator,Directory Readers",Name.F.LastName,Name.F.LastName@z3nm3.com.au,Name.F.LastName@z3nm3.com.au,"Alias6@z3nm3.com.au,Alias6.1@z3nm3.com.au",Name.B.LastName@z3nm3.com.au
Name,LastName,Name G LastName,AU,"Developer,LeadDeveloper2","Global Administrator,Directory Readers",Name.G.LastName,Name.G.LastName@z3nm3.com.au,Name.G.LastName@z3nm3.com.au,"Alias7@z3nm3.com.au,Alias7.1@z3nm3.com.au",Name.B.LastName@z3nm3.com.au
Name,LastName,Name H LastName,AU,"Developer,LeadDeveloper2","Global Administrator,Directory Readers",Name.H.LastName,Name.H.LastName@z3nm3.com.au,Name.H.LastName@z3nm3.com.au,"Alias8@z3nm3.com.au,Alias8.1@z3nm3.com.au",Name.C.LastName@z3nm3.com.au
Name,LastName,Name I LastName,AU,"Developer,LeadDeveloper2","Global Administrator,Directory Readers",Name.I.LastName,Name.I.LastName@z3nm3.com.au,Name.I.LastName@z3nm3.com.au,"Alias9@z3nm3.com.au,Alias9.1@z3nm3.com.au",Name.C.LastName@z3nm3.com.au
